{"data":{"layout":{"footer":{"id":"cd2f0d9d-a4a6-5cd6-9979-28b0abf98f7d","links":[{"id":"120c0b71-4ac6-5b63-9558-aef5bbc3b57d","href":"#!","text":"Pricing"},{"id":"c61486db-cefc-5d36-aeb2-c857d979bdd8","href":"/about","text":"About"},{"id":"5bb9cfbd-e123-54b7-adbb-42b1539b9a21","href":"#!","text":"Blog"}],"meta":[{"id":"8f2d62d5-8f40-58ef-a304-cfa791ed4b5b","href":"/terms","text":"Terms"},{"id":"5d2530c2-810a-5eda-8577-ff4518ea1995","href":"/privacy","text":"Privacy Policy"}],"copyright":"© 2023 이현규. 집에서 자고 있음","socialLinks":[{"id":"658cdb86-3baf-5b9e-b693-5682b5024bb5","service":"INSTAGRAM","username":"urbanfilmfestival"}]}}}}