{"data":{"layout":{"header":{"id":"7ba6b6da-e7df-5388-8d08-3a8701ca350d","navItems":[{"id":"fc35e1ed-3d1a-57c4-a4ae-d25010c3cb73","navItemType":"Group","name":"제26회 도시영화제","navItems":[{"id":"67513541-a7c9-513c-ba7c-c25d6ce81969","href":"/about01","text":"개최개요","description":null,"icon":null},{"id":"12607fc2-7fca-5f67-9aa4-f359e0c57d64","href":"/fest_identity","text":"페스티벌 아이덴티티","description":"Incremental crawl so much wow this explains why these are different boom","icon":{"alt":"Umbrella Filled Alternative","gatsbyImageData":{"images":{"sources":[{"srcSet":"https://images.ctfassets.net/ofo1diav1ttw/dB20mJtrXcJTs59Kq7g1Z/68af7f7a0f59b0c3bdb6e0bd909b2058/Product_HyperMarket__Inverted_true__Size_Large.png?w=48&h=48&q=50&fm=webp 48w,\nhttps://images.ctfassets.net/ofo1diav1ttw/dB20mJtrXcJTs59Kq7g1Z/68af7f7a0f59b0c3bdb6e0bd909b2058/Product_HyperMarket__Inverted_true__Size_Large.png?w=96&h=96&q=50&fm=webp 96w,\nhttps://images.ctfassets.net/ofo1diav1ttw/dB20mJtrXcJTs59Kq7g1Z/68af7f7a0f59b0c3bdb6e0bd909b2058/Product_HyperMarket__Inverted_true__Size_Large.png?w=192&h=192&q=50&fm=webp 192w","sizes":"(min-width: 192px) 192px, 100vw","type":"image/webp"}],"fallback":{"src":"https://images.ctfassets.net/ofo1diav1ttw/dB20mJtrXcJTs59Kq7g1Z/68af7f7a0f59b0c3bdb6e0bd909b2058/Product_HyperMarket__Inverted_true__Size_Large.png?w=192&h=192&q=50&fm=png","srcSet":"https://images.ctfassets.net/ofo1diav1ttw/dB20mJtrXcJTs59Kq7g1Z/68af7f7a0f59b0c3bdb6e0bd909b2058/Product_HyperMarket__Inverted_true__Size_Large.png?w=48&h=48&q=50&fm=png 48w,\nhttps://images.ctfassets.net/ofo1diav1ttw/dB20mJtrXcJTs59Kq7g1Z/68af7f7a0f59b0c3bdb6e0bd909b2058/Product_HyperMarket__Inverted_true__Size_Large.png?w=96&h=96&q=50&fm=png 96w,\nhttps://images.ctfassets.net/ofo1diav1ttw/dB20mJtrXcJTs59Kq7g1Z/68af7f7a0f59b0c3bdb6e0bd909b2058/Product_HyperMarket__Inverted_true__Size_Large.png?w=192&h=192&q=50&fm=png 192w","sizes":"(min-width: 192px) 192px, 100vw"}},"layout":"constrained","backgroundColor":"#f8d808","width":192,"height":192}}},{"id":"aa17078f-4349-52fc-a839-6c912e123fbc","href":"/award","text":"시상 및 심사위원","description":null,"icon":{"alt":"Pulse Filled Alternative","gatsbyImageData":{"images":{"sources":[{"srcSet":"https://images.ctfassets.net/ofo1diav1ttw/oItNIXulMbf4K1ERM31KO/779f19affa389e18fc6957e9c2236dfb/Product_AcmeTrack__Inverted_true__Size_Large.png?w=48&h=48&q=50&fm=webp 48w,\nhttps://images.ctfassets.net/ofo1diav1ttw/oItNIXulMbf4K1ERM31KO/779f19affa389e18fc6957e9c2236dfb/Product_AcmeTrack__Inverted_true__Size_Large.png?w=96&h=96&q=50&fm=webp 96w,\nhttps://images.ctfassets.net/ofo1diav1ttw/oItNIXulMbf4K1ERM31KO/779f19affa389e18fc6957e9c2236dfb/Product_AcmeTrack__Inverted_true__Size_Large.png?w=192&h=192&q=50&fm=webp 192w","sizes":"(min-width: 192px) 192px, 100vw","type":"image/webp"}],"fallback":{"src":"https://images.ctfassets.net/ofo1diav1ttw/oItNIXulMbf4K1ERM31KO/779f19affa389e18fc6957e9c2236dfb/Product_AcmeTrack__Inverted_true__Size_Large.png?w=192&h=192&q=50&fm=png","srcSet":"https://images.ctfassets.net/ofo1diav1ttw/oItNIXulMbf4K1ERM31KO/779f19affa389e18fc6957e9c2236dfb/Product_AcmeTrack__Inverted_true__Size_Large.png?w=48&h=48&q=50&fm=png 48w,\nhttps://images.ctfassets.net/ofo1diav1ttw/oItNIXulMbf4K1ERM31KO/779f19affa389e18fc6957e9c2236dfb/Product_AcmeTrack__Inverted_true__Size_Large.png?w=96&h=96&q=50&fm=png 96w,\nhttps://images.ctfassets.net/ofo1diav1ttw/oItNIXulMbf4K1ERM31KO/779f19affa389e18fc6957e9c2236dfb/Product_AcmeTrack__Inverted_true__Size_Large.png?w=192&h=192&q=50&fm=png 192w","sizes":"(min-width: 192px) 192px, 100vw"}},"layout":"constrained","backgroundColor":"#f8d808","width":192,"height":192}}},{"id":"ae4dbd71-32f1-52a7-b64f-cd4c5b375e28","href":"Design_resource","text":"디자인 리소스","description":null,"icon":null},{"id":"1546a998-7c20-5fbf-91de-50714a79f4c2","href":"/team","text":"조직도","description":null,"icon":null}]},{"id":"5e0e9c46-13fd-5095-bc04-69561fb91f87","navItemType":"Group","name":"프로그램","navItems":null},{"id":"2971e9ec-fdce-5450-bf3d-999a705ebb13","navItemType":"Group","name":"오늘부터 감독","navItems":[{"id":"b87dde60-8c13-57ca-aac1-d0bf789430c6","href":"/ogam","text":"사업 개요","description":null,"icon":null},{"id":"0da8638e-0a5b-5190-a196-d42227237d69","href":"ogam_recruit","text":"모집 안내","description":null,"icon":null},{"id":"6e3f59df-bc24-533d-8088-11dddb255799","href":"QnA_ogam","text":"자주 묻는 질문","description":null,"icon":null}]},{"id":"081e0bcd-a71c-5adc-92d1-24361188feb7","navItemType":"Group","name":"상영 및 예매","navItems":[{"id":"7ef89a5f-f9c9-57d0-b62d-478feb0909a6","href":"/timetable","text":"상영시간표","description":null,"icon":null},{"id":"65e4ea4f-8eca-5015-b844-f30275a45cf6","href":"/reservation","text":"예매","description":null,"icon":null}]},{"id":"621cf692-824f-5a00-b881-b1f0a4730af3","navItemType":"Link","href":"/notice","text":"공지사항"},{"id":"83ca04bd-2fd8-51ea-bccb-a228518801bc","navItemType":"Group","name":"아카이브","navItems":null}],"cta":null}}}}