{"app":["/app-5d5ddcc2d1c8cb184a17.js"],"component---src-pages-404-js":["/component---src-pages-404-js-32f47366034adaeeeedf.js"],"component---src-pages-about-01-js":["/component---src-pages-about-01-js-b777839c2879e5b647ee.js"],"component---src-pages-about-js":["/component---src-pages-about-js-21bcac62538d654e064a.js"],"component---src-pages-index-js":["/component---src-pages-index-js-c9275d22a6885b70e4ab.js"],"component---src-pages-page-slug-js":["/component---src-pages-page-slug-js-2ec4c7f59ae8110846d5.js"],"slice---src-components-footer-js":["/slice---src-components-footer-js-f493a2dc42693bbf5af3.js"],"slice---src-components-header-js":["/slice---src-components-header-js-0bb3d6138f1b207a4a4e.js"]}