{"name":"build-javascript","namedChunkGroups":{"app":{"name":"app","assets":[{"name":"webpack-runtime-9787d1f5dbf041fd738e.js","size":4095},{"name":"styles.7e1a73e40bd281d6c3eb.css","size":44090},{"name":"framework-d5f830dbe1289a2e7490.js","size":140809},{"name":"app-5d5ddcc2d1c8cb184a17.js","size":68568}],"filteredAssets":0,"assetsSize":257562,"filteredAuxiliaryAssets":16,"auxiliaryAssetsSize":871883},"component---src-pages-404-js":{"name":"component---src-pages-404-js","assets":[{"name":"styles.7e1a73e40bd281d6c3eb.css","size":44090},{"name":"commons-a9654a58087ff5e81514.js","size":18968},{"name":"component---src-pages-404-js-32f47366034adaeeeedf.js","size":2221}],"filteredAssets":0,"assetsSize":65279,"filteredAuxiliaryAssets":15,"auxiliaryAssetsSize":358496},"component---src-pages-about-01-js":{"name":"component---src-pages-about-01-js","assets":[{"name":"styles.7e1a73e40bd281d6c3eb.css","size":44090},{"name":"commons-a9654a58087ff5e81514.js","size":18968},{"name":"component---src-pages-about-01-js-b777839c2879e5b647ee.js","size":8043}],"filteredAssets":0,"assetsSize":71101,"filteredAuxiliaryAssets":15,"auxiliaryAssetsSize":383051},"component---src-pages-about-js":{"name":"component---src-pages-about-js","assets":[{"name":"styles.7e1a73e40bd281d6c3eb.css","size":44090},{"name":"commons-a9654a58087ff5e81514.js","size":18968},{"name":"component---src-pages-about-js-21bcac62538d654e064a.js","size":8040}],"filteredAssets":0,"assetsSize":71098,"filteredAuxiliaryAssets":15,"auxiliaryAssetsSize":383081},"component---src-pages-index-js":{"name":"component---src-pages-index-js","assets":[{"name":"styles.7e1a73e40bd281d6c3eb.css","size":44090},{"name":"commons-a9654a58087ff5e81514.js","size":18968},{"name":"component---src-pages-index-js-c9275d22a6885b70e4ab.js","size":7218}],"filteredAssets":0,"assetsSize":70276,"filteredAuxiliaryAssets":15,"auxiliaryAssetsSize":381601},"component---src-pages-page-slug-js":{"name":"component---src-pages-page-slug-js","assets":[{"name":"styles.7e1a73e40bd281d6c3eb.css","size":44090},{"name":"commons-a9654a58087ff5e81514.js","size":18968},{"name":"component---src-pages-page-slug-js-2ec4c7f59ae8110846d5.js","size":1601}],"filteredAssets":0,"assetsSize":64659,"filteredAuxiliaryAssets":15,"auxiliaryAssetsSize":355160},"slice---src-components-footer-js":{"name":"slice---src-components-footer-js","assets":[{"name":"styles.7e1a73e40bd281d6c3eb.css","size":44090},{"name":"commons-a9654a58087ff5e81514.js","size":18968},{"name":"slice---src-components-footer-js-f493a2dc42693bbf5af3.js","size":5626}],"filteredAssets":0,"assetsSize":68684,"filteredAuxiliaryAssets":15,"auxiliaryAssetsSize":367130},"slice---src-components-header-js":{"name":"slice---src-components-header-js","assets":[{"name":"styles.7e1a73e40bd281d6c3eb.css","size":44090},{"name":"commons-a9654a58087ff5e81514.js","size":18968},{"name":"slice---src-components-header-js-0bb3d6138f1b207a4a4e.js","size":7900}],"filteredAssets":0,"assetsSize":70958,"filteredAuxiliaryAssets":15,"auxiliaryAssetsSize":390614}},"assetsByChunkName":{"app":["webpack-runtime-9787d1f5dbf041fd738e.js","styles.7e1a73e40bd281d6c3eb.css","framework-d5f830dbe1289a2e7490.js","app-5d5ddcc2d1c8cb184a17.js"],"component---src-pages-404-js":["styles.7e1a73e40bd281d6c3eb.css","commons-a9654a58087ff5e81514.js","component---src-pages-404-js-32f47366034adaeeeedf.js"],"component---src-pages-about-01-js":["styles.7e1a73e40bd281d6c3eb.css","commons-a9654a58087ff5e81514.js","component---src-pages-about-01-js-b777839c2879e5b647ee.js"],"component---src-pages-about-js":["styles.7e1a73e40bd281d6c3eb.css","commons-a9654a58087ff5e81514.js","component---src-pages-about-js-21bcac62538d654e064a.js"],"component---src-pages-index-js":["styles.7e1a73e40bd281d6c3eb.css","commons-a9654a58087ff5e81514.js","component---src-pages-index-js-c9275d22a6885b70e4ab.js"],"component---src-pages-page-slug-js":["styles.7e1a73e40bd281d6c3eb.css","commons-a9654a58087ff5e81514.js","component---src-pages-page-slug-js-2ec4c7f59ae8110846d5.js"],"slice---src-components-footer-js":["styles.7e1a73e40bd281d6c3eb.css","commons-a9654a58087ff5e81514.js","slice---src-components-footer-js-f493a2dc42693bbf5af3.js"],"slice---src-components-header-js":["styles.7e1a73e40bd281d6c3eb.css","commons-a9654a58087ff5e81514.js","slice---src-components-header-js-0bb3d6138f1b207a4a4e.js"]},"childAssetsByChunkName":{}}